Currency,Date,Exchange Rate
USD,1/1/2024,323.9902
USD,29/12/2023,323.9233
USD,28/12/2023,324.2268
USD,27/12/2023,325.7409
USD,22/12/2023,326.3519
USD,21/12/2023,326.9669
USD,20/12/2023,326.9605
USD,19/12/2023,326.9249
USD,18/12/2023,326.9856
USD,15/12/2023,326.7231
USD,14/12/2023,326.7793
USD,13/12/2023,327.0966
USD,12/12/2023,327.1808
USD,11/12/2023,326.9314
USD,8/12/2023,326.59
USD,7/12/2023,327.1342
USD,6/12/2023,328.0175
USD,5/12/2023,328.0314
USD,4/12/2023,327.9839
USD,1/12/2023,327.5552
USD,30/11/2023,329.0423
USD,29/11/2023,329.509
USD,28/11/2023,329.0036
USD,27/11/2023,328.7498
USD,24/11/2023,328.7214
USD,23/11/2023,328.4842
USD,22/11/2023,328.3919
USD,21/11/2023,328.0918
USD,20/11/2023,327.9164
USD,17/11/2023,328.0732
USD,16/11/2023,328.6449
USD,15/11/2023,327.3643
USD,14/11/2023,326.894
USD,13/11/2023,327.193
USD,10/11/2023,328.461
USD,9/11/2023,328.41
USD,8/11/2023,327.1236
USD,7/11/2023,327.736
USD,6/11/2023,328.9773
USD,3/11/2023,329.0615
USD,2/11/2023,328.0343
USD,1/11/2023,327.6173
USD,31/10/2023,327.3817
USD,30/10/2023,327.13
USD,27/10/2023,326.5
USD,26/10/2023,326.5647
USD,25/10/2023,327.1063
USD,24/10/2023,325.9017
USD,23/10/2023,325
USD,20/10/2023,324.9747
USD,19/10/2023,324.38
USD,18/10/2023,324.1357
USD,17/10/2023,323.9143
USD,16/10/2023,323.86
USD,13/10/2023,323.7977
USD,12/10/2023,323.848
USD,11/10/2023,323.8082
USD,10/10/2023,323.6026
USD,9/10/2023,323.6117
USD,6/10/2023,323.6946
USD,5/10/2023,323.7722
USD,4/10/2023,323.7654
USD,3/10/2023,323.8
USD,2/10/2023,323.5166
USD,27/9/2023,324.4478
USD,26/9/2023,324.5999
USD,25/9/2023,324.4375
USD,22/9/2023,324.6121
USD,21/9/2023,324.7013
USD,20/9/2023,324
USD,19/9/2023,323.7088
USD,18/9/2023,323.375
USD,15/9/2023,323.3731
USD,14/9/2023,323.3778
USD,13/9/2023,322.3823
USD,12/9/2023,322.2833
USD,11/9/2023,321.6556
USD,8/9/2023,322.3871
USD,7/9/2023,321.995
USD,6/9/2023,321.9978
USD,5/9/2023,320.3778
USD,4/9/2023,319.257
USD,1/9/2023,319.6472
USD,31/8/2023,322.6634
USD,29/8/2023,323.9093
USD,28/8/2023,323.8714
USD,25/8/2023,324.05
USD,24/8/2023,323.9704
USD,23/8/2023,323.935
USD,22/8/2023,323.935
USD,21/8/2023,323.2519
USD,18/8/2023,321.8596
USD,17/8/2023,321.0863
USD,16/8/2023,321.1804
USD,15/8/2023,320.9366
USD,14/8/2023,319.9817
USD,11/8/2023,320.0006
USD,10/8/2023,320.2591
USD,9/8/2023,321.0833
USD,8/8/2023,321.496
USD,7/8/2023,318.4438
USD,4/8/2023,318.4438
USD,3/8/2023,314.0972
USD,2/8/2023,324.6497
USD,31/7/2023,329.3566
USD,28/7/2023,329.2804
USD,27/7/2023,329.3811
USD,26/7/2023,329.4167
USD,25/7/2023,329
USD,24/7/2023,326.75
USD,21/7/2023,325.2204
USD,20/7/2023,324.25
USD,19/7/2023,322.5265
USD,18/7/2023,322.8065
USD,17/7/2023,319.1206
USD,14/7/2023,316.3556
USD,13/7/2023,314.5869
USD,12/7/2023,313.9049
USD,11/7/2023,312.7857
USD,10/7/2023,311.5068
USD,7/7/2023,308.1957
USD,6/7/2023,306.9852
USD,5/7/2023,306.2611
USD,4/7/2023,308.1162
USD,28/6/2023,308.83
USD,27/6/2023,308.1212
USD,26/6/2023,307
USD,23/6/2023,306.9543
USD,22/6/2023,306.9052
USD,21/6/2023,306.125
USD,20/6/2023,305.9231
USD,19/6/2023,309.2
USD,16/6/2023,313.8245
USD,15/6/2023,308.4828
USD,14/6/2023,303.2095
USD,13/6/2023,300.4257
USD,12/6/2023,296.2449
USD,9/6/2023,293.2079
USD,8/6/2023,290.9686
USD,7/6/2023,291.2115
USD,6/6/2023,291.5413
USD,5/6/2023,292.3145
USD,2/6/2023,292.2778
USD,1/6/2023,292.4557
USD,31/5/2023,295.5211
USD,30/5/2023,296.6888
USD,29/5/2023,299.1118
USD,26/5/2023,303.05
USD,25/5/2023,303.2681
USD,24/5/2023,304.707
USD,23/5/2023,305.8837
USD,22/5/2023,307.0783
USD,19/5/2023,305.7839
USD,18/5/2023,307.3664
USD,17/5/2023,310.4042
USD,16/5/2023,312.639
USD,15/5/2023,313.2454
USD,12/5/2023,313.654
USD,11/5/2023,316.6797
USD,10/5/2023,318.0867
USD,9/5/2023,318.5233
USD,8/5/2023,319.4428
USD,4/5/2023,319.9665
USD,3/5/2023,320.9014
USD,2/5/2023,321.4389
USD,28/4/2023,321.65
USD,27/4/2023,321.6324
USD,26/4/2023,321.7598
USD,25/4/2023,321.8
USD,24/4/2023,321.6512
USD,21/4/2023,321.1373
USD,20/4/2023,320.7155
USD,19/4/2023,320.83
USD,18/4/2023,319.9261
USD,17/4/2023,319.5718
USD,12/4/2023,319.85
USD,11/4/2023,319.833
USD,10/4/2023,319.9741
USD,6/4/2023,321.1748
USD,4/4/2023,323.7837
USD,3/4/2023,327.5
USD,31/3/2023,327.2857
USD,30/3/2023,325.6324
USD,29/3/2023,322.6667
USD,28/3/2023,319.9778
USD,27/3/2023,320.5985
USD,24/3/2023,318.6334
USD,23/3/2023,317.3116
USD,22/3/2023,321.8906
USD,21/3/2023,335.0815
USD,20/3/2023,335.2842
USD,17/3/2023,336.8
USD,16/3/2023,337.2877
USD,15/3/2023,327.0617
USD,14/3/2023,322.9615
USD,13/3/2023,319.105
USD,10/3/2023,318.633
USD,9/3/2023,319.5585
USD,8/3/2023,326.6337
USD,7/3/2023,337.6693
USD,3/3/2023,346.1724
USD,2/3/2023,353.6543
USD,1/3/2023,358.4593
USD,28/2/2023,361.6318
USD,27/2/2023,362.4983
USD,24/2/2023,362.668
USD,23/2/2023,361.66
USD,22/2/2023,361.6615
USD,21/2/2023,361.92
USD,20/2/2023,361.92
USD,17/2/2023,361.92
USD,16/2/2023,361.92
USD,15/2/2023,361.92
USD,14/2/2023,361.92
USD,13/2/2023,361.92
USD,10/2/2023,361.9226
USD,9/2/2023,361.9226
USD,8/2/2023,361.96
USD,7/2/2023,361.96
USD,6/2/2023,361.9589
USD,3/2/2023,361.9686
USD,2/2/2023,362.14
USD,1/2/2023,362.14
USD,31/1/2023,362.14
USD,30/1/2023,362.14
USD,27/1/2023,362.14
USD,26/1/2023,362.14
USD,25/1/2023,362.16
USD,24/1/2023,362.16
USD,23/1/2023,362.16
USD,20/1/2023,362.1694
USD,19/1/2023,362.2698
USD,18/1/2023,362.24
USD,17/1/2023,362.24
USD,13/1/2023,362.24
USD,12/1/2023,362.24
USD,11/1/2023,362.24
USD,10/1/2023,362.2446
USD,9/1/2023,363.0917
USD,5/1/2023,363.11
USD,4/1/2023,363.11
USD,3/1/2023,363.11
USD,2/1/2023,363.11
USD,30/12/2022,363.11
USD,29/12/2022,363.13
USD,28/12/2022,363.1326
USD,27/12/2022,363.1
USD,23/12/2022,363.1733
USD,22/12/2022,363.16
USD,21/12/2022,363.16
USD,20/12/2022,363.1612
USD,19/12/2022,363.18
USD,16/12/2022,363.18
USD,15/12/2022,363.18
USD,14/12/2022,363.18
USD,13/12/2022,363.18
USD,12/12/2022,363.18
USD,9/12/2022,363.18
USD,8/12/2022,363.18
USD,6/12/2022,363.18
USD,5/12/2022,363.1767
USD,2/12/2022,363.19
USD,1/12/2022,363.19
USD,30/11/2022,363.1875
USD,29/11/2022,363.1875
USD,28/11/2022,363
USD,25/11/2022,363
USD,24/11/2022,363.5
USD,23/11/2022,363.5
USD,22/11/2022,363.5
USD,21/11/2022,363.5
USD,18/11/2022,363.5
USD,17/11/2022,363.5
USD,16/11/2022,363.5
USD,15/11/2022,363.5
USD,14/11/2022,363.5
USD,11/11/2022,363.5
USD,10/11/2022,363.5
USD,9/11/2022,363.5
USD,8/11/2022,363.5
USD,4/11/2022,363.5
USD,3/11/2022,363.3
USD,2/11/2022,363.3
USD,1/11/2022,363.3
USD,31/10/2022,363.3
USD,28/10/2022,363.3
USD,27/10/2022,363.3
USD,26/10/2022,363.3
USD,25/10/2022,363.38
USD,21/10/2022,363.38
USD,20/10/2022,363.38
USD,19/10/2022,363.38
USD,18/10/2022,363.38
USD,17/10/2022,363.38
USD,14/10/2022,363.14
USD,13/10/2022,362.9
USD,12/10/2022,362.9
USD,11/10/2022,362.9
USD,7/10/2022,362.9
USD,6/10/2022,362.9
USD,5/10/2022,362.9
USD,4/10/2022,362.9
USD,3/10/2022,362.9
USD,30/9/2022,362.9
USD,29/9/2022,362.9
USD,28/9/2022,362.9
USD,27/9/2022,362.9
USD,26/9/2022,362.9
USD,23/9/2022,362.9
USD,22/9/2022,362.9
USD,21/9/2022,362.9
USD,20/9/2022,362.9
USD,19/9/2022,362.9
USD,16/9/2022,362.9
USD,15/9/2022,362.45
USD,14/9/2022,362.45
USD,13/9/2022,362.2824
USD,12/9/2022,362.2
USD,9/9/2022,362
USD,8/9/2022,361.9
USD,7/9/2022,361.8056
USD,6/9/2022,361.45
USD,5/9/2022,361.45
USD,2/9/2022,361.45
USD,1/9/2022,361.0786
USD,31/8/2022,361.148
USD,30/8/2022,361.29
USD,29/8/2022,361.17
USD,26/8/2022,361.4
USD,25/8/2022,361
USD,24/8/2022,361
USD,23/8/2022,361
USD,22/8/2022,360.9467
USD,19/8/2022,361
USD,18/8/2022,360.9733
USD,17/8/2022,360.96
USD,16/8/2022,360.9733
USD,15/8/2022,360.92
USD,12/8/2022,360.85
USD,10/8/2022,360.94
USD,9/8/2022,360.94
USD,8/8/2022,360.8
USD,5/8/2022,360.8
USD,4/8/2022,360.9254
USD,3/8/2022,360.9254
USD,2/8/2022,361
USD,1/8/2022,361
USD,29/7/2022,360.8
USD,28/7/2022,361
USD,27/7/2022,361
USD,26/7/2022,361
USD,25/7/2022,361.09
USD,22/7/2022,361.3
USD,21/7/2022,361.67
USD,20/7/2022,361.87
USD,19/7/2022,361.1657
USD,18/7/2022,361.0331
USD,15/7/2022,361.24
USD,14/7/2022,361.9
USD,12/7/2022,360.9048
USD,11/7/2022,361.35
USD,8/7/2022,360.3497
USD,7/7/2022,360.82
USD,6/7/2022,359.8167
USD,5/7/2022,359.7941
USD,4/7/2022,359.7941
USD,1/7/2022,359.55
USD,30/6/2022,359.8782
USD,29/6/2022,359.72
USD,28/6/2022,359.9
USD,27/6/2022,360.3
USD,24/6/2022,360.3
USD,23/6/2022,360.9
USD,22/6/2022,360.9
USD,21/6/2022,361.75
USD,20/6/2022,360.75
USD,17/6/2022,359.75
USD,16/6/2022,359.85
USD,15/6/2022,359.85
USD,13/6/2022,359.8338
USD,10/6/2022,359.8
USD,9/6/2022,360.0255
USD,8/6/2022,360.0255
USD,7/6/2022,360.2773
USD,6/6/2022,360.2773
USD,3/6/2022,360.3
USD,2/6/2022,360.6
USD,1/6/2022,360.1114
USD,31/5/2022,360.76
USD,30/5/2022,360.76
USD,27/5/2022,359.25
USD,26/5/2022,359.7079
USD,25/5/2022,359.3764
USD,24/5/2022,359.3764
USD,23/5/2022,359.4373
USD,20/5/2022,359.475
USD,19/5/2022,359.55
USD,18/5/2022,359.65
USD,17/5/2022,359.75
USD,13/5/2022,360
USD,12/5/2022,360
USD,11/5/2022,364.76
USD,10/5/2022,364.76
USD,9/5/2022,364.76
USD,6/5/2022,358.5686
USD,5/5/2022,349.9
USD,4/5/2022,340
USD,29/4/2022,341.85
USD,28/4/2022,341.85
USD,27/4/2022,337.9
USD,26/4/2022,340.465
USD,25/4/2022,334.8
USD,22/4/2022,334.8
USD,21/4/2022,335
USD,20/4/2022,310
USD,19/4/2022,310
USD,18/4/2022,313.67
USD,12/4/2022,313.67
USD,11/4/2022,311.675
USD,8/4/2022,299
USD,7/4/2022,299.8125
USD,6/4/2022,307.7891
USD,5/4/2022,307.7891
USD,4/4/2022,310.8571
USD,1/4/2022,299
USD,31/3/2022,299
USD,30/3/2022,306.0796
USD,29/3/2022,294.9843
USD,28/3/2022,294.9843
USD,25/3/2022,290
USD,24/3/2022,280
USD,23/3/2022,280.42
USD,22/3/2022,280
USD,21/3/2022,275
USD,18/3/2022,267.8769
USD,16/3/2022,267.8621
USD,15/3/2022,263.33
USD,14/3/2022,251.9685
USD,11/3/2022,251.9685
USD,10/3/2022,229.3358
USD,9/3/2022,229.5
USD,8/3/2022,202.0909
USD,7/3/2022,202.04
USD,4/3/2022,201.6305
USD,3/3/2022,202
USD,2/3/2022,201.8979
USD,28/2/2022,201.0571
USD,25/2/2022,202.33
USD,24/2/2022,201.1908
USD,23/2/2022,201.1908
USD,22/2/2022,202
USD,21/2/2022,201.9298
USD,18/2/2022,202.1141
USD,17/2/2022,202.0123
USD,15/2/2022,201
USD,14/2/2022,201.0142
USD,11/2/2022,202
USD,10/2/2022,201.9637
USD,9/2/2022,202.0659
USD,8/2/2022,202.4091
USD,7/2/2022,202
USD,3/2/2022,201.5833
USD,2/2/2022,201.4205
USD,1/2/2022,201.97
USD,31/1/2022,201.191
USD,28/1/2022,201.191
USD,27/1/2022,202
USD,26/1/2022,201.5882
USD,25/1/2022,202.0323
USD,24/1/2022,202
USD,21/1/2022,202.75
USD,20/1/2022,201.053
USD,19/1/2022,201.9442
USD,18/1/2022,201.9442
USD,13/1/2022,201.7844
USD,12/1/2022,200.9798
USD,11/1/2022,200.945
USD,10/1/2022,201.9011
USD,7/1/2022,201.3347
USD,6/1/2022,201.048
USD,5/1/2022,201.7081
USD,4/1/2022,200
USD,3/1/2022,200.4338
USD,31/12/2021,200.4338
USD,30/12/2021,203
USD,29/12/2021,201
USD,28/12/2021,201.5032
USD,27/12/2021,200.918
USD,24/12/2021,200.918
USD,23/12/2021,200.7232
USD,22/12/2021,201.3214
USD,21/12/2021,201.51
USD,20/12/2021,203
USD,17/12/2021,201.5384
USD,16/12/2021,200.6717
USD,15/12/2021,201.873
USD,14/12/2021,201.873
USD,13/12/2021,201.3297
USD,10/12/2021,201.0603
USD,9/12/2021,201.2222
USD,8/12/2021,201.5945
USD,7/12/2021,200.01
USD,6/12/2021,202.25
USD,3/12/2021,200.4453
USD,2/12/2021,201.9333
USD,1/12/2021,202.0474
USD,30/11/2021,202.0474
USD,29/11/2021,201.7582
USD,26/11/2021,201.2131
USD,25/11/2021,200.9721
USD,24/11/2021,200.7778
USD,23/11/2021,202.4167
USD,22/11/2021,202.2
USD,19/11/2021,202.192
USD,17/11/2021,201.3428
USD,16/11/2021,202.05
USD,15/11/2021,202.05
USD,12/11/2021,202.3478
USD,11/11/2021,201.4145
USD,10/11/2021,202.3848
USD,9/11/2021,202.0549
USD,8/11/2021,200.3103
USD,5/11/2021,202.6244
USD,3/11/2021,202.5566
USD,2/11/2021,202.4998
USD,1/11/2021,201.95
USD,29/10/2021,201.8705
USD,28/10/2021,200.0311
USD,27/10/2021,202.2092
USD,26/10/2021,203
USD,25/10/2021,201.9836
USD,22/10/2021,201.0455
USD,21/10/2021,200.5117
USD,18/10/2021,200.093
USD,15/10/2021,201.25
USD,14/10/2021,200.0018
USD,13/10/2021,200
USD,12/10/2021,202.4
USD,11/10/2021,202.4
USD,8/10/2021,202.98
USD,7/10/2021,200.035
USD,6/10/2021,200.06
USD,5/10/2021,200
USD,4/10/2021,200.14
USD,1/10/2021,200.6959
USD,30/9/2021,199.9857
USD,29/9/2021,199.9857
USD,28/9/2021,200.0335
USD,27/9/2021,200
USD,24/9/2021,200.2591
USD,23/9/2021,199.9
USD,22/9/2021,199.6314
USD,21/9/2021,199.933
USD,17/9/2021,200
USD,16/9/2021,200.0063
USD,15/9/2021,200
USD,14/9/2021,200
USD,13/9/2021,200
USD,10/9/2021,200
USD,9/9/2021,199.9815
USD,8/9/2021,199.95
USD,7/9/2021,207.3455
USD,6/9/2021,207.3455
USD,3/9/2021,207.3455
USD,2/9/2021,210
USD,1/9/2021,210
USD,31/8/2021,210
USD,30/8/2021,202.6164
USD,27/8/2021,200
USD,26/8/2021,199.95
USD,25/8/2021,199.9
USD,24/8/2021,199.9
USD,23/8/2021,199.9
USD,20/8/2021,199.9
USD,19/8/2021,199.9
USD,18/8/2021,199.9
USD,17/8/2021,199.9217
USD,16/8/2021,199.98
USD,13/8/2021,199.916
USD,12/8/2021,199.916
USD,11/8/2021,199.916
USD,10/8/2021,199.9
USD,9/8/2021,199.9075
USD,6/8/2021,199.9
USD,5/8/2021,199.9
USD,4/8/2021,199.9
USD,3/8/2021,199.9
USD,2/8/2021,199.9
USD,30/7/2021,199.9
USD,29/7/2021,199.9033
USD,28/7/2021,199.9
USD,27/7/2021,199.9076
USD,26/7/2021,199.9329
USD,22/7/2021,199.9
USD,20/7/2021,199.9019
USD,19/7/2021,199.8942
USD,16/7/2021,199.9
USD,15/7/2021,199.8998
USD,14/7/2021,199.9
USD,13/7/2021,199.9
USD,12/7/2021,199.9056
USD,9/7/2021,199.9
USD,8/7/2021,199.9
USD,7/7/2021,199.9
USD,6/7/2021,199.9
USD,5/7/2021,199.9079
USD,2/7/2021,200.5222
USD,1/7/2021,200.78
USD,30/6/2021,201.1381
USD,29/6/2021,199.9005
USD,28/6/2021,199.8904
USD,25/6/2021,199.8664
USD,23/6/2021,199.8938
USD,22/6/2021,199.9083
USD,21/6/2021,199.8743
USD,18/6/2021,199.8265
USD,17/6/2021,199.8643
USD,16/6/2021,199.7238
USD,15/6/2021,199.5
USD,14/6/2021,199.8891
USD,11/6/2021,199.7609
USD,10/6/2021,199.6761
USD,9/6/2021,199.825
USD,8/6/2021,199.695
USD,7/6/2021,199.6853
USD,4/6/2021,199.6853
USD,3/6/2021,199.5342
USD,2/6/2021,199.5
USD,1/6/2021,199.5
USD,31/5/2021,199.5
USD,28/5/2021,199.5632
USD,25/5/2021,199.5057
USD,24/5/2021,199.6668
USD,21/5/2021,199.9
USD,20/5/2021,199.6625
USD,19/5/2021,199.6716
USD,18/5/2021,199.7873
USD,17/5/2021,199.5
USD,13/5/2021,199.5
USD,12/5/2021,199.5695
USD,11/5/2021,199.5817
USD,10/5/2021,199.5062
USD,7/5/2021,199.5155
USD,6/5/2021,199.5887
USD,5/5/2021,199.5872
USD,4/5/2021,199.6915
USD,3/5/2021,199.2275
USD,30/4/2021,199.5437
USD,29/4/2021,199.75
USD,28/4/2021,197.5
USD,27/4/2021,197.5
USD,23/4/2021,191.9368
USD,22/4/2021,192
USD,21/4/2021,191.881
USD,20/4/2021,191.9721
USD,19/4/2021,194.4485
USD,16/4/2021,199.9346
USD,15/4/2021,200
USD,12/4/2021,199.91
USD,9/4/2021,199.8744
USD,8/4/2021,200.0184
USD,7/4/2021,199.005
USD,6/4/2021,199.75
USD,5/4/2021,199.375
USD,1/4/2021,199.2153
USD,31/3/2021,199.0377
USD,30/3/2021,199.4353
USD,29/3/2021,198.1705
USD,26/3/2021,198.445
USD,25/3/2021,198
USD,24/3/2021,198.953
USD,23/3/2021,197.7692
USD,22/3/2021,197.4667
USD,19/3/2021,199.2803
USD,18/3/2021,197.45
USD,17/3/2021,198.4945
USD,16/3/2021,196.775
USD,15/3/2021,196.0383
USD,12/3/2021,196.5333
USD,10/3/2021,195.9905
USD,9/3/2021,195.5
USD,8/3/2021,195.5
USD,5/3/2021,195.3636
USD,4/3/2021,195.2692
USD,3/3/2021,195.6288
USD,2/3/2021,194.5
USD,1/3/2021,194.0149
USD,25/2/2021,194.0119
USD,24/2/2021,194.056
USD,23/2/2021,194.2126
USD,22/2/2021,194.8257
USD,19/2/2021,194.85
USD,18/2/2021,194.85
USD,17/2/2021,194.958
USD,16/2/2021,193.9717
USD,15/2/2021,193.9717
USD,12/2/2021,194.625
USD,11/2/2021,194.5
USD,10/2/2021,194.309
USD,9/2/2021,194.358
USD,8/2/2021,193.7369
USD,5/2/2021,194.4118
USD,3/2/2021,194.0008
USD,2/2/2021,192.5656
USD,1/2/2021,190.9824
USD,29/1/2021,194.3948
USD,27/1/2021,195.863
USD,26/1/2021,196.1519
USD,25/1/2021,196.8017
USD,22/1/2021,196.425
USD,21/1/2021,194.798
USD,20/1/2021,194.798
USD,19/1/2021,193.6458
USD,18/1/2021,192.7447
USD,15/1/2021,191.0367
USD,13/1/2021,186.994
USD,12/1/2021,187
USD,11/1/2021,187.5251
USD,8/1/2021,185.5
USD,7/1/2021,185
USD,6/1/2021,185
USD,5/1/2021,185
USD,4/1/2021,185.275
USD,1/1/2021,185.3906
USD,31/12/2020,186.4082
USD,30/12/2020,187.9667
USD,28/12/2020,190.2846
USD,24/12/2020,190.2188
USD,23/12/2020,189.2842
USD,22/12/2020,187.7
USD,21/12/2020,187.86
USD,18/12/2020,187.878
USD,17/12/2020,188.0686
USD,16/12/2020,187.8877
USD,15/12/2020,186.7323
USD,14/12/2020,186.02
USD,11/12/2020,185.9087
USD,10/12/2020,185.9231
USD,9/12/2020,186.1692
USD,8/12/2020,186.2349
USD,7/12/2020,185.4773
USD,4/12/2020,186.5279
USD,3/12/2020,186.8761
USD,2/12/2020,185.6
USD,1/12/2020,185.8
USD,30/11/2020,184.9601
USD,27/11/2020,185.2192
USD,26/11/2020,185.5071
USD,25/11/2020,185.4
USD,24/11/2020,185.4844
USD,23/11/2020,185.1174
USD,20/11/2020,184.6405
USD,19/11/2020,184.9321
USD,18/11/2020,184.9
USD,17/11/2020,185.0098
USD,16/11/2020,184.6106
USD,13/11/2020,184.6036
USD,12/11/2020,184.5985
USD,11/11/2020,184.5183
USD,10/11/2020,184.6113
USD,9/11/2020,184.4664
USD,6/11/2020,184.437
USD,5/11/2020,184.3855
USD,4/11/2020,184.431
USD,3/11/2020,184.4256
USD,2/11/2020,184.2938
USD,29/10/2020,184.2769
USD,28/10/2020,184.2983
USD,27/10/2020,184.3315
USD,26/10/2020,184.5397
USD,23/10/2020,184.3012
USD,22/10/2020,184.3514
USD,21/10/2020,184.4198
USD,20/10/2020,184.3122
USD,19/10/2020,184.3203
USD,16/10/2020,184.6942
USD,15/10/2020,184.6039
USD,14/10/2020,184.2721
USD,13/10/2020,184.1919
USD,12/10/2020,184.1909
USD,9/10/2020,184.1916
USD,8/10/2020,184.4723
USD,7/10/2020,184.7127
USD,6/10/2020,184.7631
USD,5/10/2020,184.5675
USD,2/10/2020,184.9467
USD,30/9/2020,185.5224
USD,29/9/2020,185.2765
USD,28/9/2020,185.1969
USD,25/9/2020,185.0175
USD,24/9/2020,185.0959
USD,23/9/2020,185.3808
USD,22/9/2020,185.5337
USD,21/9/2020,185.3935
USD,18/9/2020,184.9621
USD,17/9/2020,184.8888
USD,16/9/2020,184.4109
USD,15/9/2020,184.2087
USD,14/9/2020,184.5487
USD,11/9/2020,184.736
USD,10/9/2020,184.3531
USD,9/9/2020,184.3959
USD,8/9/2020,184.7814
USD,7/9/2020,185.2125
USD,4/9/2020,185.2317
USD,3/9/2020,185.4189
USD,2/9/2020,186.1004
USD,31/8/2020,186.1578
USD,28/8/2020,186.2504
USD,27/8/2020,186.3253
USD,26/8/2020,186.1231
USD,25/8/2020,184.7242
USD,24/8/2020,184.1213
USD,21/8/2020,186.0642
USD,20/8/2020,185.2732
USD,19/8/2020,184.0783
USD,18/8/2020,183.3052
USD,17/8/2020,182.8155
USD,14/8/2020,182.645
USD,13/8/2020,183.4614
USD,12/8/2020,184.2772
USD,11/8/2020,184.8127
USD,10/8/2020,185.3294
USD,7/8/2020,185.4435
USD,6/8/2020,185.5025
USD,5/8/2020,185.5532
USD,4/8/2020,185.6137
USD,31/7/2020,185.6769
USD,30/7/2020,185.7224
USD,29/7/2020,185.7586
USD,28/7/2020,185.7498
USD,27/7/2020,185.7681
USD,24/7/2020,185.7495
USD,23/7/2020,185.7909
USD,22/7/2020,185.776
USD,21/7/2020,185.7477
USD,20/7/2020,185.7792
USD,17/7/2020,185.8043
USD,16/7/2020,185.8084
USD,15/7/2020,185.8384
USD,14/7/2020,185.9109
USD,13/7/2020,185.8664
USD,10/7/2020,185.7142
USD,9/7/2020,185.8278
USD,8/7/2020,185.8464
USD,7/7/2020,185.8686
USD,6/7/2020,185.9691
USD,3/7/2020,186.0915
USD,2/7/2020,186.2482
USD,1/7/2020,186.2067
USD,30/6/2020,186.2292
USD,29/6/2020,186.1179
USD,26/6/2020,186.44
USD,25/6/2020,186.5942
USD,24/6/2020,186.6693
USD,23/6/2020,186.603
USD,22/6/2020,186.5972
USD,19/6/2020,186.5611
USD,18/6/2020,186.6082
USD,17/6/2020,185.9544
USD,16/6/2020,185.6585
USD,15/6/2020,185.1799
USD,12/6/2020,185.1677
USD,11/6/2020,185.1107
USD,10/6/2020,185.0856
USD,9/6/2020,185.0714
USD,8/6/2020,185.4808
USD,4/6/2020,185.7939
USD,3/6/2020,185.8628
USD,2/6/2020,186.1136
USD,1/6/2020,186.1456
USD,29/5/2020,186.2865
USD,28/5/2020,186.1153
USD,27/5/2020,186.081
USD,26/5/2020,185.6954
USD,22/5/2020,186.9062
USD,21/5/2020,187.2876
USD,20/5/2020,187.6121
USD,19/5/2020,187.59
USD,18/5/2020,187.9868
USD,15/5/2020,188.0186
USD,14/5/2020,188.1954
USD,13/5/2020,188.4262
USD,12/5/2020,188.1075
USD,11/5/2020,188.3479
USD,6/5/2020,188.952
USD,5/5/2020,190.1281
USD,4/5/2020,191.9692
USD,30/4/2020,192.85
USD,29/4/2020,192.7667
USD,28/4/2020,192.5
USD,27/4/2020,192
USD,24/4/2020,192
USD,23/4/2020,192.72
USD,22/4/2020,192.6909
USD,21/4/2020,194.8458
USD,20/4/2020,191.7233
USD,17/4/2020,192.6776
USD,16/4/2020,191.6919
USD,15/4/2020,192.9366
USD,9/4/2020,199.7543
USD,8/4/2020,198.4216
USD,6/4/2020,194.8023
USD,3/4/2020,191
USD,2/4/2020,190
USD,1/4/2020,190.1563
USD,31/3/2020,188.6236
USD,30/3/2020,190.5
USD,27/3/2020,189.25
USD,26/3/2020,189.25
USD,25/3/2020,189.25
USD,24/3/2020,187
USD,23/3/2020,187
USD,20/3/2020,186.9384
USD,19/3/2020,184.9298
USD,18/3/2020,185.0854
USD,17/3/2020,183.6968
USD,13/3/2020,182.8203
USD,12/3/2020,182.4348
USD,11/3/2020,182.4495
USD,10/3/2020,181.8312
USD,6/3/2020,181.9223
USD,5/3/2020,182.0347
USD,4/3/2020,182.1086
USD,3/3/2020,182.0821
USD,2/3/2020,181.9261
USD,28/2/2020,181.8071
USD,27/2/2020,181.687
USD,26/2/2020,181.7458
USD,25/2/2020,181.7795
USD,24/2/2020,181.8423
USD,20/2/2020,181.8976
USD,19/2/2020,181.6199
USD,18/2/2020,181.5334
USD,17/2/2020,181.4757
USD,14/2/2020,181.4571
USD,13/2/2020,181.4481
USD,12/2/2020,181.424
USD,11/2/2020,181.4241
USD,10/2/2020,181.3709
USD,7/2/2020,181.3408
USD,6/2/2020,181.3973
USD,5/2/2020,181.4781
USD,3/2/2020,181.4017
USD,31/1/2020,181.5857
USD,30/1/2020,181.4984
USD,29/1/2020,181.5348
USD,28/1/2020,181.5275
USD,27/1/2020,181.4427
USD,24/1/2020,181.4156
USD,23/1/2020,181.4718
USD,22/1/2020,181.3344
USD,21/1/2020,181.3382
USD,20/1/2020,181.3097
USD,17/1/2020,181.3814
USD,16/1/2020,181.5279
USD,14/1/2020,181.3012
USD,13/1/2020,181.4054
USD,9/1/2020,181.4217
USD,8/1/2020,181.3102
USD,7/1/2020,181.4523
USD,6/1/2020,181.3198
USD,3/1/2020,181.3687
USD,2/1/2020,181.028
USD,1/1/2020,181.5011
USD,31/12/2019,181.634
USD,30/12/2019,181.3597
USD,27/12/2019,181.3709
USD,26/12/2019,181.3985
USD,24/12/2019,181.294
USD,23/12/2019,181.3806
USD,20/12/2019,181.3295
USD,19/12/2019,181.1935
USD,18/12/2019,181.1156
USD,17/12/2019,181.2795
USD,16/12/2019,181.0586
USD,13/12/2019,180.8635
USD,12/12/2019,181.1914
USD,10/12/2019,181.2534
USD,9/12/2019,181.4231
USD,6/12/2019,181.2836
USD,5/12/2019,181.3196
USD,4/12/2019,181.4671
USD,3/12/2019,180.9742
USD,2/12/2019,180.8879
USD,29/11/2019,180.4323
USD,28/11/2019,181.001
USD,27/11/2019,181.1855
USD,26/11/2019,180.491
USD,25/11/2019,179.9723
USD,22/11/2019,179.4674
USD,21/11/2019,179.1466
USD,20/11/2019,179.2694
USD,19/11/2019,179.9096
USD,18/11/2019,180.2128
USD,15/11/2019,180.2548
USD,14/11/2019,180.1982
USD,13/11/2019,180.6983
USD,8/11/2019,180.9083
USD,7/11/2019,180.5518
USD,6/11/2019,180.0088
USD,5/11/2019,180.7581
USD,4/11/2019,181.2844
USD,1/11/2019,181.3352
USD,31/10/2019,181.6011
USD,30/10/2019,181.5614
USD,29/10/2019,181.4573
USD,28/10/2019,181.3109
USD,25/10/2019,181.1849
USD,24/10/2019,181.4849
USD,23/10/2019,181.6278
USD,22/10/2019,181.8116
USD,21/10/2019,181.9793
USD,18/10/2019,182.0273
USD,17/10/2019,181.8746
USD,16/10/2019,181.7571
USD,15/10/2019,180.7469
USD,14/10/2019,180.6777
USD,11/10/2019,180.6293
USD,10/10/2019,180.4535
USD,9/10/2019,180.6316
USD,8/10/2019,181.0633
USD,7/10/2019,181.457
USD,4/10/2019,181.6494
USD,3/10/2019,182.119
USD,2/10/2019,182.3272
USD,1/10/2019,181.9427
USD,30/9/2019,181.9272
USD,27/9/2019,181.7509
USD,26/9/2019,181.4791
USD,25/9/2019,181.4365
USD,24/9/2019,181.2799
USD,23/9/2019,181.0995
USD,20/9/2019,180.9846
USD,19/9/2019,180.8088
USD,18/9/2019,180.6267
USD,17/9/2019,180.4781
USD,16/9/2019,180.3466
USD,12/9/2019,180.3541
USD,11/9/2019,180.3981
USD,10/9/2019,180.5674
USD,9/9/2019,180.8506
USD,6/9/2019,180.6611
USD,5/9/2019,180.5399
USD,4/9/2019,180.2128
USD,3/9/2019,179.6846
USD,2/9/2019,180.0171
USD,30/8/2019,180.7243
USD,29/8/2019,180.0718
USD,28/8/2019,179.6824
USD,27/8/2019,179.8292
USD,26/8/2019,179.9776
USD,23/8/2019,179.4669
USD,22/8/2019,178.3839
USD,21/8/2019,177.7501
USD,20/8/2019,177.3646
USD,19/8/2019,177.0103
USD,16/8/2019,177.043
USD,15/8/2019,176.9031
USD,13/8/2019,176.8472
USD,9/8/2019,177.3123
USD,8/8/2019,177.5744
USD,7/8/2019,177.2986
USD,6/8/2019,176.8192
USD,5/8/2019,176.5943
USD,2/8/2019,176.4103
USD,1/8/2019,176.3463
USD,31/7/2019,176.242
USD,30/7/2019,176.186
USD,29/7/2019,176.1722
USD,26/7/2019,176.1621
USD,25/7/2019,176.1681
USD,24/7/2019,176.0787
USD,23/7/2019,175.8648
USD,22/7/2019,175.8185
USD,19/7/2019,175.6818
USD,18/7/2019,175.6897
USD,17/7/2019,175.6066
USD,15/7/2019,175.5101
USD,12/7/2019,175.4623
USD,11/7/2019,175.5204
USD,10/7/2019,175.9131
USD,9/7/2019,176.1689
USD,8/7/2019,176.1646
USD,5/7/2019,176.0788
USD,4/7/2019,176.0964
USD,3/7/2019,176.3445
USD,2/7/2019,176.3296
USD,1/7/2019,176.5246
USD,28/6/2019,176.5424
USD,27/6/2019,176.5776
USD,26/6/2019,176.4128
USD,25/6/2019,176.6818
USD,24/6/2019,176.7773
USD,21/6/2019,176.6842
USD,20/6/2019,176.765
USD,19/6/2019,176.8237
USD,18/6/2019,176.8799
USD,17/6/2019,176.7413
USD,14/6/2019,176.6075
USD,13/6/2019,176.4977
USD,12/6/2019,176.4514
USD,11/6/2019,176.4789
USD,10/6/2019,176.4305
USD,7/6/2019,176.4107
USD,6/6/2019,176.4209
USD,4/6/2019,176.5159
USD,3/6/2019,176.4889
USD,31/5/2019,176.4128
USD,30/5/2019,176.2329
USD,29/5/2019,176.3195
USD,28/5/2019,176.1232
USD,27/5/2019,176.4884
USD,24/5/2019,176.6843
USD,23/5/2019,176.662
USD,22/5/2019,176.1838
USD,21/5/2019,175.8892
USD,17/5/2019,176.2791
USD,16/5/2019,176.4147
USD,15/5/2019,176.7966
USD,14/5/2019,176.5361
USD,13/5/2019,176.1648
USD,10/5/2019,175.529
USD,9/5/2019,176.103
USD,8/5/2019,177.2202
USD,7/5/2019,177.62
USD,6/5/2019,176.939
USD,3/5/2019,176.8017
USD,2/5/2019,175.9381
USD,30/4/2019,175.4635
USD,29/4/2019,175.24
USD,26/4/2019,175.0153
USD,25/4/2019,174.7458
USD,24/4/2019,174.59
USD,23/4/2019,174.7604
USD,22/4/2019,174.4335
USD,18/4/2019,174.6659
USD,17/4/2019,174.6477
USD,16/4/2019,174.6152
USD,12/4/2019,174.6648
USD,11/4/2019,174.7157
USD,10/4/2019,174.7282
USD,9/4/2019,174.7209
USD,8/4/2019,174.844
USD,5/4/2019,174.7415
USD,4/4/2019,174.6211
USD,3/4/2019,174.5033
USD,2/4/2019,174.7519
USD,1/4/2019,175.555
USD,29/3/2019,176.13
USD,28/3/2019,176.4251
USD,27/3/2019,177.8233
USD,26/3/2019,178.156
USD,25/3/2019,178.0969
USD,22/3/2019,178.1267
USD,21/3/2019,178.4624
USD,19/3/2019,178.408
USD,18/3/2019,178.7486
USD,15/3/2019,178.88
USD,14/3/2019,178.9307
USD,13/3/2019,178.7689
USD,12/3/2019,178.5096
USD,11/3/2019,178.3794
USD,8/3/2019,178.4507
USD,7/3/2019,178.5012
USD,6/3/2019,179.5852
USD,5/3/2019,179.6806
USD,1/3/2019,180.1021
USD,28/2/2019,179.7994
USD,27/2/2019,179.8414
USD,26/2/2019,179.7118
USD,25/2/2019,179.482
USD,22/2/2019,179.5583
USD,21/2/2019,179.6042
USD,20/2/2019,179.6789
USD,18/2/2019,178.7021
USD,15/2/2019,178.6319
USD,14/2/2019,178.5202
USD,13/2/2019,178.2212
USD,12/2/2019,177.7812
USD,11/2/2019,177.9469
USD,8/2/2019,177.5755
USD,7/2/2019,178.0456
USD,6/2/2019,177.824
USD,5/2/2019,177.5497
USD,1/2/2019,178.7208
USD,31/1/2019,179.8821
USD,30/1/2019,181.5259
USD,29/1/2019,181.6271
USD,28/1/2019,181.6262
USD,25/1/2019,181.8987
USD,24/1/2019,182.263
USD,23/1/2019,181.85
USD,22/1/2019,181.7506
USD,21/1/2019,181.7405
USD,18/1/2019,182.3121
USD,17/1/2019,182.385
USD,16/1/2019,182.2205
USD,14/1/2019,181.8156
USD,11/1/2019,182.292
USD,10/1/2019,182.6258
USD,9/1/2019,182.4676
USD,8/1/2019,182.5069
USD,7/1/2019,182.8278
USD,4/1/2019,182.8783
USD,3/1/2019,182.8568
USD,2/1/2019,182.5464
USD,1/1/2019,182.9113
USD,31/12/2018,182.7499
USD,28/12/2018,182.2783
USD,27/12/2018,181.7208
USD,26/12/2018,181.472
USD,24/12/2018,181.2244
USD,21/12/2018,180.7979
USD,20/12/2018,180.4
USD,19/12/2018,180.0312
USD,18/12/2018,179.8466
USD,17/12/2018,179.8685
USD,14/12/2018,179.6566
USD,13/12/2018,179.4668
USD,12/12/2018,179.1527
USD,11/12/2018,178.8981
USD,10/12/2018,178.8155
USD,7/12/2018,179.1104
USD,6/12/2018,179.1033
USD,5/12/2018,178.9267
USD,4/12/2018,178.8232
USD,3/12/2018,179.6165
USD,30/11/2018,179.6722
USD,29/11/2018,180.0474
USD,28/11/2018,180.3916
USD,27/11/2018,180.1114
USD,26/11/2018,179.4631
USD,23/11/2018,178.3986
USD,21/11/2018,177.1682
USD,19/11/2018,176.5966
USD,16/11/2018,176.4816
USD,15/11/2018,176.2254
USD,14/11/2018,176.0527
USD,13/11/2018,175.5942
USD,12/11/2018,175.2614
USD,9/11/2018,175.1377
USD,8/11/2018,174.8183
USD,7/11/2018,174.5314
USD,5/11/2018,174.342
USD,2/11/2018,174.4937
USD,1/11/2018,175.3557
USD,31/10/2018,174.3762
USD,30/10/2018,173.9718
USD,29/10/2018,172.9639
USD,26/10/2018,172.8276
USD,25/10/2018,172.7322
USD,23/10/2018,172.1625
USD,22/10/2018,171.6692
USD,19/10/2018,171.2367
USD,18/10/2018,170.9331
USD,17/10/2018,170.9227
USD,16/10/2018,170.3548
USD,15/10/2018,170.9078
USD,12/10/2018,171.3456
USD,11/10/2018,171.3034
USD,10/10/2018,170.9457
USD,9/10/2018,170.6859
USD,8/10/2018,170.2896
USD,5/10/2018,170.0072
USD,4/10/2018,169.5961
USD,3/10/2018,169.2425
USD,2/10/2018,169.1966
USD,1/10/2018,169.2762
USD,28/9/2018,169.2383
USD,27/9/2018,168.8687
USD,26/9/2018,168.803
USD,25/9/2018,168.642
USD,21/9/2018,168.0316
USD,20/9/2018,166.4663
USD,19/9/2018,165.6326
USD,18/9/2018,164.4062
USD,17/9/2018,163.1284
USD,14/9/2018,162.805
USD,13/9/2018,162.5011
USD,12/9/2018,162.2853
USD,11/9/2018,162.3613
USD,10/9/2018,161.7706
USD,7/9/2018,161.9807
USD,6/9/2018,162.0424
USD,5/9/2018,161.8671
USD,4/9/2018,161.5684
USD,3/9/2018,161.4909
USD,31/8/2018,161.473
USD,30/8/2018,161.3587
USD,29/8/2018,161.2647
USD,28/8/2018,161.0916
USD,27/8/2018,160.8731
USD,24/8/2018,160.8
USD,23/8/2018,160.6166
USD,21/8/2018,160.596
USD,20/8/2018,160.466
USD,17/8/2018,160.4394
USD,16/8/2018,160.1768
USD,15/8/2018,160.1096
USD,14/8/2018,160.0946
USD,13/8/2018,160.0429
USD,10/8/2018,160.0374
USD,9/8/2018,159.8744
USD,8/8/2018,159.8027
USD,7/8/2018,159.859
USD,6/8/2018,159.8111
USD,3/8/2018,159.6628
USD,2/8/2018,159.5855
USD,1/8/2018,159.7491
USD,31/7/2018,159.7087
USD,30/7/2018,159.612
USD,26/7/2018,159.5434
USD,25/7/2018,159.4795
USD,24/7/2018,159.5204
USD,23/7/2018,160.0312
USD,20/7/2018,159.9869
USD,19/7/2018,160.01
USD,18/7/2018,159.8951
USD,17/7/2018,159.82
USD,16/7/2018,159.4635
USD,13/7/2018,159.3721
USD,12/7/2018,159.3652
USD,11/7/2018,159.3281
USD,10/7/2018,159.2333
USD,9/7/2018,159.0784
USD,6/7/2018,158.8105
USD,5/7/2018,158.5859
USD,4/7/2018,158.4355
USD,3/7/2018,158.4435
USD,2/7/2018,158.3634
USD,29/6/2018,158.2569
USD,28/6/2018,158.6676
USD,26/6/2018,158.6426
USD,25/6/2018,158.9913
USD,22/6/2018,159.6106
USD,21/6/2018,160.0279
USD,20/6/2018,159.8939
USD,19/6/2018,159.8239
USD,18/6/2018,159.8809
USD,14/6/2018,159.6003
USD,13/6/2018,159.6587
USD,12/6/2018,159.1135
USD,11/6/2018,158.9143
USD,8/6/2018,158.8323
USD,7/6/2018,158.636
USD,6/6/2018,158.5708
USD,5/6/2018,158.5126
USD,4/6/2018,158.5905
USD,1/6/2018,158.1255
USD,31/5/2018,158.09
USD,30/5/2018,157.9986
USD,28/5/2018,158.0433
USD,25/5/2018,158.0561
USD,24/5/2018,157.9682
USD,23/5/2018,157.8943
USD,22/5/2018,157.8376
USD,21/5/2018,157.8118
USD,18/5/2018,158.0664
USD,17/5/2018,158.5077
USD,16/5/2018,158.0362
USD,15/5/2018,157.9215
USD,14/5/2018,157.8822
USD,11/5/2018,157.8791
USD,10/5/2018,157.7914
USD,9/5/2018,157.5276
USD,8/5/2018,157.7261
USD,4/5/2018,157.8326
USD,3/5/2018,157.7781
USD,2/5/2018,157.7642
USD,1/5/2018,157.4737
USD,27/4/2018,157.6459
USD,26/4/2018,157.4628
USD,25/4/2018,157.1356
USD,24/4/2018,156.7727
USD,23/4/2018,156.3441
USD,20/4/2018,156.2545
USD,19/4/2018,156.422
USD,18/4/2018,156.3307
USD,17/4/2018,155.9267
USD,16/4/2018,155.7456
USD,12/4/2018,155.7097
USD,11/4/2018,155.5679
USD,10/4/2018,155.5146
USD,9/4/2018,155.5327
USD,6/4/2018,155.5234
USD,5/4/2018,156.0464
USD,4/4/2018,155.4869
USD,3/4/2018,155.3218
USD,2/4/2018,155.8286
USD,29/3/2018,155.9725
USD,28/3/2018,156.0632
USD,27/3/2018,156.1261
USD,26/3/2018,156.1428
USD,23/3/2018,156.0539
USD,22/3/2018,155.9482
USD,21/3/2018,156.1578
USD,20/3/2018,156.1535
USD,19/3/2018,156.0808
USD,16/3/2018,155.9768
USD,15/3/2018,155.8155
USD,14/3/2018,155.7566
USD,13/3/2018,155.6067
USD,12/3/2018,155.478
USD,9/3/2018,155.5392
USD,8/3/2018,155.2665
USD,7/3/2018,155.0849
USD,6/3/2018,155.1488
USD,5/3/2018,155.2269
USD,2/3/2018,154.978
USD,28/2/2018,154.8718
USD,27/2/2018,155.0075
USD,26/2/2018,155.2474
USD,23/2/2018,155.2255
USD,22/2/2018,155.3944
USD,21/2/2018,155.3787
USD,20/2/2018,155.2901
USD,19/2/2018,155.0773
USD,16/2/2018,155.3239
USD,15/2/2018,155.5955
USD,14/2/2018,154.7384
USD,12/2/2018,154.3075
USD,9/2/2018,154.4876
USD,8/2/2018,154.5862
USD,7/2/2018,154.5527
USD,6/2/2018,154.2579
USD,2/2/2018,154.1543
USD,1/2/2018,153.9449
USD,30/1/2018,153.7682
USD,29/1/2018,153.7329
USD,26/1/2018,153.7388
USD,25/1/2018,153.9389
USD,24/1/2018,154.0688
USD,23/1/2018,154.0135
USD,22/1/2018,153.9447
USD,19/1/2018,153.8803
USD,18/1/2018,153.8569
USD,17/1/2018,153.9215
USD,16/1/2018,153.91
USD,12/1/2018,153.781
USD,11/1/2018,153.7661
USD,10/1/2018,153.8203
USD,9/1/2018,153.8052
USD,8/1/2018,153.5567
USD,5/1/2018,153.6506
USD,4/1/2018,153.7699
USD,3/1/2018,153.6377
USD,2/1/2018,153.4697
USD,29/12/2017,152.8548
USD,28/12/2017,152.6243
USD,27/12/2017,152.7775
USD,26/12/2017,152.942
USD,22/12/2017,152.9524
USD,21/12/2017,153.0594
USD,20/12/2017,153.1487
USD,19/12/2017,153.1593
USD,18/12/2017,153.2297
USD,15/12/2017,153.3441
USD,14/12/2017,153.1463
USD,13/12/2017,153.0136
USD,12/12/2017,153.0573
USD,11/12/2017,153.17
USD,8/12/2017,153.3593
USD,7/12/2017,153.3314
USD,6/12/2017,153.3869
USD,5/12/2017,153.6153
USD,4/12/2017,153.6882
USD,30/11/2017,153.7652
USD,29/11/2017,153.7396
USD,28/11/2017,153.6152
USD,27/11/2017,153.7513
USD,24/11/2017,153.6767
USD,23/11/2017,153.776
USD,22/11/2017,153.8167
USD,21/11/2017,153.7552
USD,20/11/2017,153.6468
USD,17/11/2017,153.792
USD,16/11/2017,153.7806
USD,15/11/2017,153.6061
USD,14/11/2017,153.6184
USD,13/11/2017,153.6339
USD,10/11/2017,153.5123
USD,9/11/2017,153.3588
USD,8/11/2017,153.4353
USD,7/11/2017,153.6279
USD,6/11/2017,153.6598
USD,2/11/2017,153.698
USD,1/11/2017,153.5915
USD,31/10/2017,153.5903
USD,30/10/2017,153.5628
USD,27/10/2017,153.8
USD,26/10/2017,153.8586
USD,25/10/2017,153.7845
USD,24/10/2017,153.7473
USD,23/10/2017,153.6467
USD,20/10/2017,153.6976
USD,19/10/2017,153.619
USD,17/10/2017,153.6527
USD,16/10/2017,153.7464
USD,13/10/2017,153.6258
USD,12/10/2017,153.465
USD,11/10/2017,153.3903
USD,10/10/2017,153.2885
USD,9/10/2017,153.2603
USD,6/10/2017,153.3286
USD,4/10/2017,153.2121
USD,3/10/2017,153.1394
USD,2/10/2017,153.1072
USD,29/9/2017,153.0983
USD,28/9/2017,153.1024
USD,27/9/2017,153.0245
USD,26/9/2017,152.9434
USD,25/9/2017,152.8067
USD,22/9/2017,152.8252
USD,21/9/2017,153.0503
USD,20/9/2017,153.1959
USD,19/9/2017,152.9692
USD,18/9/2017,152.9684
USD,15/9/2017,153.1269
USD,14/9/2017,152.9124
USD,13/9/2017,152.8371
USD,12/9/2017,152.849
USD,11/9/2017,152.8017
USD,8/9/2017,152.7098
USD,7/9/2017,152.5607
USD,6/9/2017,152.5028
USD,4/9/2017,152.7656
USD,31/8/2017,152.835
USD,30/8/2017,152.7582
USD,29/8/2017,152.9208
USD,28/8/2017,152.9633
USD,25/8/2017,152.944
USD,24/8/2017,152.9127
USD,23/8/2017,153.15
USD,22/8/2017,153.3
USD,21/8/2017,153.3472
USD,18/8/2017,153.315
USD,17/8/2017,153.2016
USD,16/8/2017,153.208
USD,15/8/2017,153.12
USD,14/8/2017,153.0729
USD,11/8/2017,153.1871
USD,10/8/2017,153.2262
USD,9/8/2017,153.326
USD,8/8/2017,153.3579
USD,4/8/2017,153.4948
USD,3/8/2017,153.4864
USD,2/8/2017,153.5068
USD,1/8/2017,153.6111
USD,31/7/2017,153.7278
USD,28/7/2017,153.7357
USD,27/7/2017,153.5738
USD,26/7/2017,153.5212
USD,25/7/2017,153.581
USD,24/7/2017,153.7052
USD,21/7/2017,153.6808
USD,20/7/2017,153.751
USD,19/7/2017,153.7072
USD,18/7/2017,153.7026
USD,17/7/2017,153.7303
USD,14/7/2017,153.7125
USD,13/7/2017,153.7047
USD,12/7/2017,153.6652
USD,11/7/2017,153.7217
USD,10/7/2017,153.6625
USD,7/7/2017,153.7096
USD,6/7/2017,153.7243
USD,5/7/2017,153.6163
USD,4/7/2017,153.5427
USD,3/7/2017,153.51
USD,30/6/2017,153.51
USD,29/6/2017,153.313
USD,28/6/2017,153.2668
USD,27/6/2017,153.2334
USD,23/6/2017,153.3453
USD,22/6/2017,153.3313
USD,21/6/2017,153.2658
USD,20/6/2017,153.0236
USD,19/6/2017,152.85
USD,16/6/2017,152.5
USD,15/6/2017,152.5
USD,14/6/2017,152.5
USD,13/6/2017,152.5
USD,12/6/2017,152.5
USD,9/6/2017,152.5
USD,7/6/2017,152.4786
USD,6/6/2017,152.4966
USD,5/6/2017,152.5
USD,2/6/2017,152.5
USD,1/6/2017,152.5
USD,31/5/2017,152.5
USD,30/5/2017,152.5
USD,29/5/2017,152.5
USD,26/5/2017,152.5
USD,25/5/2017,152.5
USD,24/5/2017,152.5
USD,23/5/2017,152.5
USD,22/5/2017,152.5
USD,19/5/2017,152.5
USD,18/5/2017,152.3295
USD,17/5/2017,152.3667
USD,16/5/2017,152.3
USD,15/5/2017,152.3769
USD,12/5/2017,152.3
USD,9/5/2017,152.3154
USD,8/5/2017,152.3154
USD,5/5/2017,152.0455
USD,4/5/2017,152.0391
USD,3/5/2017,151.9
USD,2/5/2017,151.9
USD,28/4/2017,151.9
USD,27/4/2017,151.9
USD,26/4/2017,151.9
USD,25/4/2017,151.8985
USD,24/4/2017,151.9
USD,21/4/2017,151.9
USD,20/4/2017,151.9
USD,19/4/2017,151.9
USD,18/4/2017,151.9
USD,17/4/2017,151.6
USD,12/4/2017,151.6133
USD,11/4/2017,151.6
USD,7/4/2017,151.6
USD,6/4/2017,151.6
USD,5/4/2017,151.6
USD,4/4/2017,151.6
USD,3/4/2017,151.6
USD,31/3/2017,151.7354
USD,30/3/2017,151.7
USD,29/3/2017,151.6943
USD,28/3/2017,151.6943
USD,27/3/2017,151.6
USD,24/3/2017,151.6
USD,23/3/2017,151.6
USD,22/3/2017,151.6083
USD,21/3/2017,151.3939
USD,20/3/2017,151.3138
USD,17/3/2017,151.308
USD,16/3/2017,151.3469
USD,15/3/2017,151.35
USD,14/3/2017,151.3494
USD,13/3/2017,151.35
USD,10/3/2017,151.35
USD,9/3/2017,151.35
USD,8/3/2017,151.2534
USD,7/3/2017,151.2371
USD,6/3/2017,151.25
USD,3/3/2017,151.25
USD,2/3/2017,151.2476
USD,1/3/2017,151.25
USD,28/2/2017,151.25
USD,27/2/2017,151.25
USD,23/2/2017,151.235
USD,22/2/2017,151.2426
USD,21/2/2017,151.1245
USD,20/2/2017,150.8214
USD,17/2/2017,150.7482
USD,16/2/2017,150.7416
USD,15/2/2017,150.7456
USD,14/2/2017,150.7306
USD,13/2/2017,150.7474
USD,9/2/2017,150.75
USD,8/2/2017,150.75
USD,7/2/2017,150.75
USD,6/2/2017,150.5
USD,3/2/2017,150.5
USD,2/2/2017,150.5
USD,1/2/2017,150.3246
USD,31/1/2017,150.2429
USD,30/1/2017,150.25
USD,27/1/2017,150.25
USD,26/1/2017,150.2494
USD,25/1/2017,150.15
USD,24/1/2017,150.1478
USD,23/1/2017,150.15
USD,20/1/2017,150.1424
USD,19/1/2017,150.15
USD,18/1/2017,150.1363
USD,17/1/2017,150.1222
USD,16/1/2017,150.0402
USD,13/1/2017,150
USD,11/1/2017,149.9828
USD,10/1/2017,150
USD,9/1/2017,149.9983
USD,6/1/2017,150
USD,5/1/2017,149.9992
USD,4/1/2017,150
USD,3/1/2017,150
USD,2/1/2017,149.9747
USD,30/12/2016,149.8
USD,29/12/2016,149.7975
USD,28/12/2016,149.5
USD,27/12/2016,149.4231
USD,23/12/2016,149.295
USD,22/12/2016,149.295
USD,21/12/2016,149.0425
USD,20/12/2016,149.08
USD,19/12/2016,149.0933
USD,16/12/2016,149.095
USD,15/12/2016,148.6874
USD,14/12/2016,148.6874
USD,9/12/2016,148.6929
USD,8/12/2016,148.6548
USD,7/12/2016,148.3
USD,6/12/2016,148.3
USD,5/12/2016,148.1
USD,2/12/2016,147.964
USD,1/12/2016,147.95
USD,30/11/2016,147.95
USD,29/11/2016,147.95
USD,28/11/2016,147.95
USD,25/11/2016,147.9481
USD,24/11/2016,147.9481
USD,23/11/2016,147.95
USD,22/11/2016,147.95
USD,21/11/2016,147.95
USD,18/11/2016,147.747
USD,17/11/2016,147.746
USD,16/11/2016,147.7475
USD,15/11/2016,147.75
USD,11/11/2016,147.75
USD,10/11/2016,147.7471
USD,9/11/2016,147.7471
USD,8/11/2016,147.7085
USD,7/11/2016,147.7283
USD,4/11/2016,147.73
USD,3/11/2016,147.4
USD,2/11/2016,147.3963
USD,1/11/2016,147.3963
USD,31/10/2016,147.1136
USD,28/10/2016,146.9667
USD,27/10/2016,146.9
USD,26/10/2016,146.9
USD,25/10/2016,146.9
USD,24/10/2016,146.9
USD,21/10/2016,146.9
USD,20/10/2016,146.9
USD,19/10/2016,146.9
USD,18/10/2016,146.8778
USD,17/10/2016,146.8976
USD,14/10/2016,146.9
USD,13/10/2016,146.9
USD,12/10/2016,146.9
USD,11/10/2016,146.85
USD,10/10/2016,146.8469
USD,7/10/2016,146.7414
USD,6/10/2016,146.753
USD,5/10/2016,146.6698
USD,4/10/2016,146.7257
USD,3/10/2016,146.8753
USD,30/9/2016,146.7229
USD,29/9/2016,146.4824
USD,28/9/2016,146.3385
USD,27/9/2016,146.3273
USD,26/9/2016,146.2704
USD,23/9/2016,145.9
USD,22/9/2016,146.022
USD,21/9/2016,145.7706
USD,20/9/2016,145.75
USD,19/9/2016,145.8126
USD,15/9/2016,145.5983
USD,14/9/2016,145.2978
USD,13/9/2016,145.1558
USD,9/9/2016,145.4214
USD,8/9/2016,145.4333
USD,7/9/2016,145.4175
USD,6/9/2016,145.4175
USD,5/9/2016,145.4911
USD,2/9/2016,145.5118
USD,1/9/2016,145.5564
USD,31/8/2016,145.62
USD,30/8/2016,145.6286
USD,29/8/2016,145.6
USD,26/8/2016,145.8525
USD,25/8/2016,145.5111
USD,24/8/2016,145.5
USD,23/8/2016,145.5
USD,22/8/2016,145.5
USD,19/8/2016,145.5
USD,18/8/2016,145.5
USD,16/8/2016,145.5
USD,15/8/2016,145.5
USD,12/8/2016,145.5
USD,11/8/2016,145.6
USD,10/8/2016,145.6
USD,9/8/2016,145.6
USD,8/8/2016,145.6
USD,5/8/2016,145.6167
USD,4/8/2016,145.7471
USD,3/8/2016,145.745
USD,2/8/2016,145.75
USD,1/8/2016,145.75
USD,29/7/2016,145.7466
USD,28/7/2016,145.7466
USD,27/7/2016,145.75
USD,26/7/2016,145.75
USD,25/7/2016,145.75
USD,22/7/2016,145.75
USD,21/7/2016,145.25
USD,20/7/2016,145.25
USD,18/7/2016,145.25
USD,15/7/2016,145.25
USD,14/7/2016,145.25
USD,13/7/2016,145.2477
USD,12/7/2016,145.25
USD,11/7/2016,145.25
USD,8/7/2016,145.25
USD,7/7/2016,145.246
USD,5/7/2016,145.246
USD,4/7/2016,145.25
USD,1/7/2016,145.25
USD,30/6/2016,145.25
USD,29/6/2016,145.25
USD,28/6/2016,145.25
USD,27/6/2016,145.25
USD,24/6/2016,145.25
USD,23/6/2016,145.25
USD,22/6/2016,145.1935
USD,21/6/2016,144.5385
USD,20/6/2016,144.5
USD,17/6/2016,144.5893
USD,16/6/2016,144.75
USD,15/6/2016,144.725
USD,14/6/2016,144.7474
USD,13/6/2016,145.0131
USD,10/6/2016,145.548
USD,9/6/2016,145.7458
USD,8/6/2016,145.75
USD,7/6/2016,145.9
USD,6/6/2016,145.925
USD,3/6/2016,145.95
USD,2/6/2016,145.908
USD,1/6/2016,145.955
USD,31/5/2016,145.75
USD,30/5/2016,145.75
USD,27/5/2016,145.75
USD,26/5/2016,145.75
USD,25/5/2016,145.75
USD,24/5/2016,145.75
USD,20/5/2016,145.75
USD,19/5/2016,145.75
USD,18/5/2016,145.725
USD,17/5/2016,145.74
USD,16/5/2016,145.74
USD,13/5/2016,145.75
USD,12/5/2016,145.75
USD,11/5/2016,145.7327
USD,10/5/2016,145.715
USD,9/5/2016,145.7617
USD,6/5/2016,145.73
USD,5/5/2016,145.73
USD,4/5/2016,145.73
USD,3/5/2016,143.9
USD,29/4/2016,143.9
USD,28/4/2016,143.9
USD,27/4/2016,143.9
USD,26/4/2016,143.9
USD,25/4/2016,143.9024
USD,22/4/2016,143.9
USD,20/4/2016,143.9
USD,19/4/2016,143.9
USD,18/4/2016,143.9
USD,15/4/2016,143.9
USD,12/4/2016,143.9
USD,11/4/2016,143.9
USD,8/4/2016,143.9
USD,7/4/2016,143.9
USD,6/4/2016,143.9
USD,5/4/2016,143.9
USD,4/4/2016,143.9
USD,1/4/2016,143.9
USD,31/3/2016,143.9
USD,30/3/2016,143.89
USD,29/3/2016,143.9
USD,28/3/2016,143.895
USD,24/3/2016,143.9035
USD,23/3/2016,143.93
USD,21/3/2016,143.9
USD,18/3/2016,143.9
USD,17/3/2016,143.9
USD,16/3/2016,143.898
USD,15/3/2016,143.9
USD,14/3/2016,143.9
USD,11/3/2016,144.3571
USD,10/3/2016,144.0067
USD,9/3/2016,143.9089
USD,8/3/2016,143.9
USD,4/3/2016,144.1154
USD,3/3/2016,144.2556
USD,2/3/2016,143.9108
USD,1/3/2016,143.9165
USD,29/2/2016,144.354
USD,26/2/2016,143.9
USD,25/2/2016,143.883
USD,24/2/2016,143.8943
USD,23/2/2016,143.9192
USD,19/2/2016,143.93
USD,18/2/2016,143.9
USD,17/2/2016,143.9004
USD,16/2/2016,143.9207
USD,15/2/2016,143.8989
USD,12/2/2016,143.897
USD,11/2/2016,143.9
USD,10/2/2016,143.9
USD,9/2/2016,143.9091
USD,8/2/2016,143.9046
USD,5/2/2016,143.9296
USD,3/2/2016,143.9
USD,2/2/2016,143.9071
USD,1/2/2016,143.9
USD,29/1/2016,143.9208
USD,28/1/2016,143.8972
USD,27/1/2016,143.89
USD,26/1/2016,143.9089
USD,25/1/2016,143.9
USD,22/1/2016,143.9
USD,21/1/2016,143.8858
USD,20/1/2016,143.9169
USD,19/1/2016,143.9308
USD,18/1/2016,143.8161
USD,14/1/2016,143.8047
USD,13/1/2016,143.745
USD,12/1/2016,143.7993
USD,11/1/2016,143.8175
USD,8/1/2016,143.9415
USD,7/1/2016,144.0106
USD,6/1/2016,144.2318
USD,5/1/2016,144.1833
USD,4/1/2016,144.2333
USD,1/1/2016,144.0716
USD,31/12/2015,144.0623
USD,30/12/2015,143.8484
USD,29/12/2015,143.6861
USD,28/12/2015,143.6286
USD,23/12/2015,143.5859
USD,22/12/2015,143.5415
USD,21/12/2015,143.5406
USD,18/12/2015,143.5606
USD,17/12/2015,143.5647
USD,16/12/2015,143.4583
USD,15/12/2015,143.4938
USD,14/12/2015,143.276
USD,11/12/2015,143.2196
USD,10/12/2015,143.178
USD,9/12/2015,143.2214
USD,8/12/2015,143.2426
USD,7/12/2015,143.2529
USD,4/12/2015,143.2498
USD,3/12/2015,143.2318
USD,2/12/2015,143.2327
USD,1/12/2015,143.239
USD,30/11/2015,143.2074
USD,27/11/2015,143.0667
USD,26/11/2015,142.8892
USD,24/11/2015,142.6267
USD,23/11/2015,142.4662
USD,20/11/2015,142.3063
USD,19/11/2015,142.2797
USD,18/11/2015,142.2944
USD,17/11/2015,142.1384
USD,16/11/2015,142.0599
USD,13/11/2015,141.9633
USD,12/11/2015,141.929
USD,11/11/2015,141.901
USD,9/11/2015,141.5214
USD,6/11/2015,141.562
USD,5/11/2015,141.2663
USD,4/11/2015,141.0487
USD,3/11/2015,140.9771
USD,2/11/2015,140.9668
USD,30/10/2015,140.8543
USD,29/10/2015,140.8772
USD,28/10/2015,141.1087
USD,26/10/2015,141.0489
USD,23/10/2015,141.0638
USD,22/10/2015,141.0126
USD,21/10/2015,140.9901
USD,20/10/2015,140.9672
USD,19/10/2015,140.9554
USD,16/10/2015,140.9312
USD,15/10/2015,140.6841
USD,14/10/2015,140.4809
USD,13/10/2015,140.3209
USD,12/10/2015,140.338
USD,9/10/2015,140.5457
USD,8/10/2015,140.5995
USD,7/10/2015,141.0307
USD,6/10/2015,141.2243
USD,5/10/2015,141.2601
USD,2/10/2015,141.2575
USD,1/10/2015,141.2334
USD,30/9/2015,141.2335
USD,29/9/2015,141.2438
USD,28/9/2015,140.9568
USD,25/9/2015,140.9578
USD,23/9/2015,140.951
USD,22/9/2015,140.8342
USD,21/9/2015,140.5167
USD,18/9/2015,140.7891
USD,17/9/2015,140.6358
USD,16/9/2015,139.9898
USD,15/9/2015,139.7679
USD,14/9/2015,139.0345
USD,11/9/2015,138.936
USD,10/9/2015,138.7796
USD,9/9/2015,138.1655
USD,8/9/2015,137.4985
USD,7/9/2015,137.875
USD,4/9/2015,134.75
USD,3/9/2015,134.5
USD,2/9/2015,134.5
USD,1/9/2015,134.5
USD,31/8/2015,134.3
USD,28/8/2015,134.15
USD,27/8/2015,134.15
USD,26/8/2015,134.2496
USD,25/8/2015,134.1
USD,24/8/2015,134
USD,21/8/2015,133.9
USD,20/8/2015,133.8967
USD,19/8/2015,134
USD,18/8/2015,134
USD,17/8/2015,133.9
USD,14/8/2015,133.9
USD,13/8/2015,133.8
USD,12/8/2015,133.75
USD,11/8/2015,133.75
USD,10/8/2015,133.75
USD,7/8/2015,133.75
USD,6/8/2015,133.4927
USD,5/8/2015,133.4993
USD,4/8/2015,133.5
USD,3/8/2015,133.6
USD,30/7/2015,133.6
USD,29/7/2015,133.6
USD,28/7/2015,133.7
USD,27/7/2015,133.6976
USD,24/7/2015,133.6971
USD,23/7/2015,133.6988
USD,22/7/2015,133.7
USD,21/7/2015,133.8
USD,20/7/2015,133.7994
USD,17/7/2015,133.8
USD,16/7/2015,133.7992
USD,15/7/2015,133.8
USD,14/7/2015,133.8
USD,13/7/2015,133.6
USD,10/7/2015,133.6
USD,9/7/2015,133.6
USD,8/7/2015,133.6
USD,7/7/2015,133.6
USD,6/7/2015,133.6
USD,3/7/2015,133.6
USD,2/7/2015,133.7
USD,30/6/2015,133.7
USD,29/6/2015,133.7
USD,26/6/2015,133.7126
USD,25/6/2015,133.8
USD,24/6/2015,133.9
USD,23/6/2015,133.9
USD,22/6/2015,134.1
USD,19/6/2015,134.2
USD,18/6/2015,133.9986
USD,17/6/2015,133.9995
USD,16/6/2015,133.9987
USD,15/6/2015,134
USD,12/6/2015,133.7973
USD,11/6/2015,133.7985
USD,10/6/2015,133.8
USD,9/6/2015,133.8979
USD,8/6/2015,133.8966
USD,5/6/2015,133.9
USD,4/6/2015,133.9
USD,3/6/2015,133.9
USD,1/6/2015,133.9
USD,29/5/2015,133.9
USD,28/5/2015,133.9
USD,27/5/2015,133.9
USD,26/5/2015,133.7
USD,25/5/2015,133.7
USD,22/5/2015,133.7
USD,21/5/2015,133.7
USD,20/5/2015,133.4994
USD,19/5/2015,133.3
USD,18/5/2015,133.3125
USD,15/5/2015,133.4
USD,14/5/2015,133.4
USD,13/5/2015,133.5
USD,12/5/2015,133.4412
USD,11/5/2015,133.3
USD,8/5/2015,133.3
USD,7/5/2015,133.3
USD,6/5/2015,133.1
USD,5/5/2015,133.0714
USD,30/4/2015,132.9
USD,29/4/2015,132.9
USD,28/4/2015,132.897
USD,27/4/2015,132.9
USD,24/4/2015,132.8994
USD,23/4/2015,132.8983
USD,22/4/2015,132.8981
USD,21/4/2015,132.8964
USD,20/4/2015,132.9
USD,17/4/2015,132.9
USD,16/4/2015,132.9
USD,15/4/2015,132.8983
USD,10/4/2015,132.9
USD,9/4/2015,132.9
USD,8/4/2015,132.9
USD,7/4/2015,132.9
USD,6/4/2015,132.8984
USD,2/4/2015,132.9
USD,1/4/2015,132.9
USD,31/3/2015,132.9
USD,30/3/2015,132.8794
USD,27/3/2015,132.9
USD,26/3/2015,132.9
USD,25/3/2015,132.9
USD,24/3/2015,132.9
USD,23/3/2015,132.9
USD,20/3/2015,132.9
USD,19/3/2015,132.9
USD,18/3/2015,132.9
USD,17/3/2015,132.9
USD,16/3/2015,132.9
USD,13/3/2015,132.9
USD,12/3/2015,132.9
USD,11/3/2015,132.9
USD,10/3/2015,132.9
USD,9/3/2015,132.9
USD,6/3/2015,132.9
USD,4/3/2015,132.8986
USD,3/3/2015,132.9
USD,2/3/2015,132.9
USD,27/2/2015,132.9
USD,26/2/2015,132.9
USD,25/2/2015,132.8991
USD,24/2/2015,132.9
USD,23/2/2015,132.9
USD,20/2/2015,132.9
USD,19/2/2015,132.8
USD,18/2/2015,132.8
USD,16/2/2015,132.8
USD,13/2/2015,132.8
USD,12/2/2015,132.8
USD,11/2/2015,132.7987
USD,10/2/2015,132.8
USD,9/2/2015,132.8
USD,6/2/2015,132.2
USD,5/2/2015,132.2
USD,2/2/2015,132.2
USD,30/1/2015,132.2
USD,29/1/2015,132.194
USD,28/1/2015,132.0975
USD,27/1/2015,132.0817
USD,26/1/2015,132
USD,23/1/2015,131.85
USD,22/1/2015,131.9
USD,21/1/2015,131.7433
USD,20/1/2015,131.7054
USD,19/1/2015,131.5
USD,16/1/2015,131.0889
USD,13/1/2015,131.22
USD,12/1/2015,131.245
USD,9/1/2015,131.25
USD,8/1/2015,131.25
USD,7/1/2015,131.015
USD,6/1/2015,131.02
USD,2/1/2015,131.0125
USD,1/1/2015,131.091
USD,31/12/2014,131.0486
USD,30/12/2014,131.0778
USD,29/12/2014,131.0689
USD,26/12/2014,131.005
USD,24/12/2014,130.9978
USD,23/12/2014,131.0004
USD,22/12/2014,131.0348
USD,19/12/2014,131.0128
USD,18/12/2014,131.0158
USD,17/12/2014,131.0434
USD,16/12/2014,130.9917
USD,15/12/2014,131
USD,12/12/2014,131.0225
USD,11/12/2014,131.0071
USD,10/12/2014,131.01
USD,9/12/2014,131
USD,8/12/2014,131.02
USD,5/12/2014,131.0182
USD,4/12/2014,131
USD,3/12/2014,131
USD,2/12/2014,131.05
USD,1/12/2014,131.05
USD,28/11/2014,131.0082
USD,27/11/2014,131.0136
USD,26/11/2014,131
USD,25/11/2014,130.9967
USD,24/11/2014,131
USD,21/11/2014,131
USD,20/11/2014,131
USD,19/11/2014,130.9902
USD,18/11/2014,130.9861
USD,17/11/2014,130.95
USD,14/11/2014,130.95
USD,13/11/2014,130.8925
USD,12/11/2014,130.9
USD,11/11/2014,130.874
USD,10/11/2014,130.8656
USD,7/11/2014,130.85
USD,5/11/2014,130.85
USD,4/11/2014,130.85
USD,3/11/2014,130.8367
USD,31/10/2014,130.8436
USD,30/10/2014,130.85
USD,29/10/2014,130.8155
USD,28/10/2014,130.83
USD,27/10/2014,130.8175
USD,24/10/2014,130.7667
USD,23/10/2014,130.75
USD,21/10/2014,130.6348
USD,20/10/2014,130.6
USD,17/10/2014,130.6
USD,16/10/2014,130.5659
USD,15/10/2014,130.55
USD,14/10/2014,130.55
USD,13/10/2014,130.3815
USD,10/10/2014,130.3461
USD,9/10/2014,130.3127
USD,7/10/2014,130.3529
USD,3/10/2014,130.4946
USD,2/10/2014,130.4982
USD,1/10/2014,130.43
USD,30/9/2014,130.3707
USD,29/9/2014,130.35
USD,26/9/2014,130.3071
USD,25/9/2014,130.3067
USD,24/9/2014,130.2855
USD,23/9/2014,130.2712
USD,22/9/2014,130.28
USD,19/9/2014,130.275
USD,18/9/2014,130.2813
USD,17/9/2014,130.2759
USD,16/9/2014,130.28
USD,15/9/2014,130.28
USD,12/9/2014,130.2717
USD,11/9/2014,130.23
USD,10/9/2014,130.2027
USD,9/9/2014,130.2
USD,5/9/2014,130.1987
USD,4/9/2014,130.2037
USD,3/9/2014,130.205
USD,2/9/2014,130.1913
USD,1/9/2014,130.2045
USD,29/8/2014,130.1962
USD,28/8/2014,130.188
USD,27/8/2014,130.184
USD,26/8/2014,130.1934
USD,25/8/2014,130.1763
USD,22/8/2014,130.2014
USD,21/8/2014,130.2078
USD,20/8/2014,130.13
USD,19/8/2014,130.1518
USD,18/8/2014,130.1609
USD,15/8/2014,130.1646
USD,14/8/2014,130.2306
USD,13/8/2014,130.19
USD,12/8/2014,130.16
USD,11/8/2014,130.1711
USD,8/8/2014,130.1862
USD,7/8/2014,130.1933
USD,6/8/2014,130.2104
USD,5/8/2014,130.2255
USD,4/8/2014,130.2303
USD,1/8/2014,130.2067
USD,31/7/2014,130.2102
USD,30/7/2014,130.2086
USD,28/7/2014,130.227
USD,25/7/2014,130.2297
USD,24/7/2014,130.2598
USD,23/7/2014,130.2659
USD,22/7/2014,130.287
USD,21/7/2014,130.25
USD,18/7/2014,130.2
USD,17/7/2014,130.1865
USD,16/7/2014,130.18
USD,15/7/2014,130.1974
USD,14/7/2014,130.2
USD,11/7/2014,130.2233
USD,10/7/2014,130.2207
USD,9/7/2014,130.2504
USD,8/7/2014,130.2561
USD,7/7/2014,130.2573
USD,4/7/2014,130.2691
USD,3/7/2014,130.2807
USD,2/7/2014,130.301
USD,1/7/2014,130.3256
USD,30/6/2014,130.3018
USD,27/6/2014,130.3359
USD,26/6/2014,130.3144
USD,25/6/2014,130.2904
USD,24/6/2014,130.2741
USD,23/6/2014,130.2927
USD,20/6/2014,130.2652
USD,19/6/2014,130.2381
USD,18/6/2014,130.2298
USD,17/6/2014,130.2355
USD,16/6/2014,130.2476
USD,13/6/2014,130.253
USD,11/6/2014,130.26
USD,10/6/2014,130.2603
USD,9/6/2014,130.2566
USD,6/6/2014,130.2841
USD,5/6/2014,130.3164
USD,4/6/2014,130.3518
USD,3/6/2014,130.3526
USD,2/6/2014,130.3863
USD,30/5/2014,130.4631
USD,29/5/2014,130.4359
USD,28/5/2014,130.3865
USD,27/5/2014,130.4152
USD,26/5/2014,130.3717
USD,23/5/2014,130.3525
USD,22/5/2014,130.3732
USD,21/5/2014,130.3742
USD,20/5/2014,130.3515
USD,19/5/2014,130.3561
USD,16/5/2014,130.3608
USD,13/5/2014,130.3587
USD,12/5/2014,130.4841
USD,9/5/2014,130.5403
USD,8/5/2014,130.6
USD,7/5/2014,130.6
USD,6/5/2014,130.6
USD,5/5/2014,130.5957
USD,2/5/2014,130.625
USD,30/4/2014,130.5962
USD,29/4/2014,130.5982
USD,28/4/2014,130.604
USD,25/4/2014,130.6182
USD,24/4/2014,130.6191
USD,23/4/2014,130.5973
USD,22/4/2014,130.6082
USD,21/4/2014,130.6
USD,17/4/2014,130.6113
USD,16/4/2014,130.5973
USD,11/4/2014,130.5726
USD,10/4/2014,130.5891
USD,9/4/2014,130.589
USD,8/4/2014,130.7
USD,7/4/2014,130.5624
USD,4/4/2014,130.6804
USD,3/4/2014,130.689
USD,2/4/2014,130.6895
USD,1/4/2014,130.7
USD,31/3/2014,130.6949
USD,28/3/2014,130.6917
USD,27/3/2014,130.6866
USD,26/3/2014,130.6932
USD,25/3/2014,130.6497
USD,24/3/2014,130.6484
USD,21/3/2014,130.6474
USD,20/3/2014,130.5903
USD,19/3/2014,130.5675
USD,18/3/2014,130.5836
USD,17/3/2014,130.6067
USD,14/3/2014,130.6357
USD,13/3/2014,130.567
USD,12/3/2014,130.5025
USD,11/3/2014,130.5548
USD,10/3/2014,130.5483
USD,7/3/2014,130.5646
USD,6/3/2014,130.6001
USD,5/3/2014,130.6055
USD,4/3/2014,130.6341
USD,3/3/2014,130.9191
USD,28/2/2014,131.0008
USD,26/2/2014,131.0197
USD,25/2/2014,131.0184
USD,24/2/2014,130.9393
USD,21/2/2014,130.8485
USD,20/2/2014,130.85
USD,19/2/2014,130.7998
USD,18/2/2014,130.8167
USD,17/2/2014,130.8373
USD,13/2/2014,130.8357
USD,12/2/2014,130.8003
USD,11/2/2014,130.7142
USD,10/2/2014,130.6831
USD,7/2/2014,130.6471
USD,6/2/2014,130.6522
USD,5/2/2014,130.7284
USD,3/2/2014,130.7555
USD,31/1/2014,130.6957
USD,30/1/2014,130.7339
USD,29/1/2014,130.7849
USD,28/1/2014,130.7494
USD,27/1/2014,130.6575
USD,24/1/2014,130.8216
USD,23/1/2014,130.7787
USD,22/1/2014,130.7477
USD,21/1/2014,130.7368
USD,20/1/2014,130.7202
USD,17/1/2014,130.6629
USD,16/1/2014,130.7117
USD,13/1/2014,130.7029
USD,10/1/2014,130.7314
USD,9/1/2014,130.8059
USD,8/1/2014,130.741
USD,7/1/2014,130.695
USD,6/1/2014,130.6811
USD,3/1/2014,130.7035
USD,2/1/2014,130.7051
USD,1/1/2014,130.75